Label,Text
ham,"Aight text me when you're back at mu and I'll swing by, need somebody to get the door for me"
ham,Our Prashanthettan's mother passed away last night. pray for her and family.
ham,No it will reach by 9 only. She telling she will be there. I dont know
ham,Do you know when the result.
spam,Hi. Customer Loyalty Offer:The NEW Nokia6650 Mobile from ONLY £10 at TXTAUCTION! Txt word: START to No: 81151 & get yours Now! 4T&Ctxt TC 150p/MTmsg
ham,It shall be fine. I have avalarr now. Will hollalater
ham,I love u 2 my little pocy bell I am sorry but I love u
ham,They finally came to fix the ceiling.
ham,S.i'm watching it in live..
spam,"Hi, the SEXYCHAT girls are waiting for you to text them. Text now for a great night chatting. send STOP to stop this service"
ham,Ok i'm coming home now.
ham,Yes da. Any plm at ur office
ham,Ok i also wan 2 watch e 9 pm show...
ham,Saw Guys and Dolls last night with Patrick Swayze it was great
ham,"Sorry, I can't help you on this."
ham,Baaaaaaaabe! Wake up ! I miss you ! I crave you! I need you!
spam,Show ur colours! Euro 2004 2-4-1 Offer! Get an England Flag & 3Lions tone on ur phone! Click on the following service message for info!
ham,Hi mom we might be back later than  &lt;#&gt; 
ham,It means u could not keep ur words.
ham,Hi happy birthday. Hi hi hi hi hi hi hi
ham,Gam gone after outstanding innings.
spam,For taking part in our mobile survey yesterday! You can now have 500 texts 2 use however you wish. 2 get txts just send TXT to 80160 T&C www.txt43.com 1.50p
ham,We left already we at orchard now.
ham,Am in gobi arts college
ham,Yup i thk so until e shop closes lor.
ham,Try neva mate!!
ham,5 nights...We nt staying at port step liao...Too ex
ham,"Playin space poker, u?"
ham,"House-Maid is the murderer, coz the man was murdered on  &lt;#&gt; th January.. As public holiday all govt.instituitions are closed,including post office..understand?"
ham,Take some small dose tablet for fever
ham,I wanted to wish you a Happy New Year and I wanted to talk to you about some legal advice to do with when Gary and I split but in person. I'll make a trip to Ptbo for that. I hope everything is good with you babe and I love ya :)
ham,Ho ho - big belly laugh! See ya tomo
ham,"Just sent you an email – to an address with incomm in it, is that right?"
ham,"Isn't frnd a necesity in life? imagine urself witout a frnd.. hw'd u feel at ur colleg? wat'll u do wth ur cell? wat abt functions? thnk abt events espe'll cared, missed &amp; irritated u? 4wrd it to all those dear-loving frnds wthout whom u cant live.. I jst did it.. Takecare..:) GOODMORNING"
ham,"I know where the  &lt;#&gt;  is, I'll be there around 5"
ham,Oh dang! I didn't mean o send that to you! Lol!
ham,Anything is valuable in only 2 situations: First- Before getting it... Second- After loosing it...
ham,Okay. I've seen it. So i should pick it on friday?
ham,"Probably gonna be here for a while, see you later tonight &lt;)"
ham,"Dear, will call Tmorrow.pls accomodate."
ham,Yeah it's jus rite...
ham,Staff of placement training in Amrita college.
spam,"Had your mobile 10 mths? Update to the latest Camera/Video phones for FREE. KEEP UR SAME NUMBER, Get extra free mins/texts. Text YES for a call"
ham,"As in missionary hook up, doggy hook up, standing...|"
ham,Jus finish watching tv... U?
ham,staff.science.nus.edu.sg/~phyhcmk/teaching/pc1323
ham,Yes. Please leave at  &lt;#&gt; . So that at  &lt;#&gt;  we can leave
ham,Happy new years melody!
ham,what I meant to say is cant wait to see u again getting bored of this bridgwater banter
spam,Great News! Call FREEFONE 08006344447 to claim your guaranteed £1000 CASH or £2000 gift. Speak to a live operator NOW!
ham,Nt joking seriously i told
spam,WIN a year supply of CDs 4 a store of ur choice worth £500 & enter our £100 Weekly draw txt MUSIC to 87066 Ts&Cs www.Ldew.com.subs16+1win150ppmx3
ham,Its  &lt;#&gt; k here oh. Should i send home for sale.
ham,I cant pick the phone right now. Pls send a message
ham,Love it! The girls at the office may wonder why you are smiling but sore...
ham,Thats cool. How was your day?
spam,I don't know u and u don't know me. Send CHAT to 86688 now and let's find each other! Only 150p/Msg rcvd. HG/Suite342/2Lands/Row/W1J6HL LDN. 18 years or over.
ham,"New Theory: Argument wins d SITUATION, but loses the PERSON. So dont argue with ur friends just.. . . . kick them &amp; say, I'm always correct.!"
ham,Hanging out with my brother and his family
ham,"Save yourself the stress. If the person has a dorm account, just send your account details and the money will be sent to you."
ham,"Its ok, called mom instead have fun"
ham,Thanx but my birthday is over already.
spam,Missed call alert. These numbers called but left no message. 07008009200
spam,Hi 07734396839 IBH Customer Loyalty Offer: The NEW NOKIA6600 Mobile from ONLY £10 at TXTAUCTION!Txt word:START to No:81151 & get Yours Now!4T&
ham,"Thats a bit weird, even ?- where is the do supposed to be happening? But good idea, sure they will be in pub!"
ham,U 2.
ham,I wud never mind if u dont miss me or if u dont need me.. But u wil really hurt me wen u need me &amp; u dont tell me......... Take care:-)
ham,Hi kindly give us back our documents which we submitted for loan from STAPATI
spam,URGENT! We are trying to contact U. Todays draw shows that you have won a £800 prize GUARANTEED. Call 09050001808 from land line. Claim M95. Valid12hrs only
ham,Carlos says we can pick up from him later so yeah we're set
ham,I'm at home. Please call
ham,Pls ask macho how much is budget for bb bold 2 is cos i saw a new one for  &lt;#&gt;  dollars.
ham,"Hey babe, sorry i didn't get sooner. Gary can come and fix it cause he thinks he knows what it is but he doesn't go as far a Ptbo and he says it will cost  &lt;#&gt;  bucks. I don't know if it might be cheaper to find someone there ? We don't have any second hand machines at all right now, let me know what you want to do babe"
ham,Just haven't decided where yet eh ?
ham,"Better than bb. If he wont use it, his wife will or them doctor"
ham,"The house is on the water with a dock, a boat rolled up with a newscaster who dabbles in jazz flute behind the wheel"
ham,Dad went out oredi... 
ham,Can you plz tell me the ans. BSLVYL sent via fullonsms.com
ham,He is there. You call and meet him
ham,"Now, whats your house # again ? And do you have any beer there ?"
ham,Well if I'm that desperate I'll just call armand again
ham,Really good:)dhanush rocks once again:)
ham,Hope you are having a great day.
spam,"Your free ringtone is waiting to be collected. Simply text the password ""MIX"" to 85069 to verify. Get Usher and Britney. FML, PO Box 5249, MK17 92H. 450Ppw 16"
ham,"My mobile number.pls sms ur mail id.convey regards to achan,amma.Rakhesh.Qatar"
ham,Me sef dey laugh you. Meanwhile how's my darling anjie!
ham,Hey happy birthday...
spam,"Do you ever notice that when you're driving, anyone going slower than you is an idiot and everyone driving faster than you is a maniac?"
ham,Just sleeping..and surfing
ham,Yeah we do totes. When u wanna?
spam,Want a new Video Phone? 750 anytime any network mins? Half price line rental free text for 3 months? Reply or call 08000930705 for free delivery
ham,Was gr8 to see that message. So when r u leaving? Congrats dear. What school and wat r ur plans.
ham,I don know account details..i will ask my mom and send you.my mom is out of reach now.
ham,IM GONNAMISSU SO MUCH!!I WOULD SAY IL SEND U A POSTCARD BUTTHERES ABOUTAS MUCH CHANCE OF MEREMEMBERIN ASTHERE IS OFSI NOT BREAKIN HIS CONTRACT!! LUV Yaxx
ham,S:-)if we have one good partnership going we will take lead:)
ham,No need for the drug anymore.
ham,Are you this much buzy
ham,Lol I was gonna last month. I cashed some in but I left &lt;#&gt; just in case. I was collecting more during the week cause they announced it on the blog.
ham,"Like I made him throw up when we were smoking in our friend's car one time, it was awesome"
ham,He's really into skateboarding now despite the fact that he gets thrown off of it and winds up with bandages and shit all over his arms every five minutes
spam,Phony £350 award - Todays Voda numbers ending XXXX are selected to receive a £350 award. If you have a match please call 08712300220 quoting claim code 3100 standard rates app
ham,Ok no prob... I'll come after lunch then...
ham,"I'm eatin now lor, but goin back to work soon... E mountain deer show huh... I watch b4 liao, very nice..."
ham,"Plz note: if anyone calling from a mobile Co. &amp; asks u to type # &lt;#&gt;  or # &lt;#&gt; . Do not do so. Disconnect the call,coz it iz an attempt of 'terrorist' to make use of the sim card no. Itz confirmd by nokia n motorola n has been verified by CNN IBN."
ham,So are you guys asking that i get that slippers again or its gone with last year
spam,"Get 3 Lions England tone, reply lionm 4 mono or lionp 4 poly. 4 more go 2 www.ringtones.co.uk, the original n best. Tones 3GBP network operator rates apply"
ham,Yup... I havent been there before... You want to go for the yoga? I can call up to book 
ham,U WILL SWITCH YOUR FONE ON DAMMIT!!
ham,Ok i msg u b4 i leave my house.
ham,Great! How is the office today?
ham,"And that's fine, I got enough bud to last most of the night at least"
ham,Busy here. Trying to finish for new year. I am looking forward to finally meeting you...
ham,Ü got wat to buy tell us then ü no need to come in again.
spam,Thanks 4 your continued support Your question this week will enter u in2 our draw 4 £100 cash. Name the NEW US President? txt ans to 80082
ham,Yeah so basically any time next week you can get away from your mom &amp; get up before 3
ham,HI DARLIN HOW WAS WORK DID U GET INTO TROUBLE? IJUST TALKED TO YOUR MUM ALL MORNING! I HAD A REALLY GOOD TIME LAST NIGHT IM GOIN OUT SOON BUT CALL ME IF U CAN
spam,FREE for 1st week! No1 Nokia tone 4 ur mobile every week just txt NOKIA to 8077 Get txting and tell ur mates. www.getzed.co.uk POBox 36504 W45WQ 16+ norm150p/tone
ham,All these nice new shirts and the only thing I can wear them to is nudist themed ;_; you in mu?
ham,"Its Ur luck to Love someone. Its Ur fortune to Love the one who Loves U. But, its a miracle to Love a person who can't Love anyone except U... Gud nyt..."
ham,Have you been practising your curtsey?
ham,Tiwary to rcb.battle between bang and kochi.
ham,I luv u soo much u dont understand how special u r 2 me ring u 2morrow luv u xxx
ham,Any chance you might have had with me evaporated as soon as you violated my privacy by stealing my phone number from your employer's paperwork. Not cool at all. Please do not contact me again or I will report you to your supervisor.
ham,I'm gonna rip out my uterus.
ham,Just finished. Missing you plenty
ham,"Some friends want me to drive em someplace, probably take a while"
ham,What i told before i tell. Stupid hear after i wont tell anything to you. You dad called to my brother and spoken. Not with me.
ham,I anything lor...
ham,"Have a lovely night and when you wake up to see this message, i hope you smile knowing all is as should be. Have a great morning"
ham,"K, jason says he's gonna be around so I'll be up there around  &lt;#&gt;"
spam,You have won a guaranteed £200 award or even £1000 cashto claim UR award call free on 08000407165 (18+) 2 stop getstop on 88222 PHP. RG21 4JX
ham,I am thinking of going down to reg for pract lessons.. Flung my advance.. Haha wat time u going?
spam,"HOT LIVE FANTASIES call now 08707509020 Just 20p per min NTT Ltd, PO Box 1327 Croydon CR9 5WB 0870 is a national rate call"
ham,Id onluy matters when getting on from offcampus
ham,watever reLation u built up in dis world only thing which remains atlast iz lonlines with lotz n lot memories! feeling..
ham,One day a crab was running on the sea shore..The waves came n cleared the footprints of the crab.. Crab asked: being my frnd y r u clearing my beautiful footprints? Waves replied: A fox was following ur footprints to catch you! thats y i cleared it off:) frndsship never lets u dwn :-) GUD nyt..
ham,I have many dependents
ham,"Wen ur lovable bcums angry wid u, dnt take it seriously.. Coz being angry is d most childish n true way of showing deep affection, care n luv!.. kettoda manda... Have nice day da."
ham,"Goodmorning, today i am late for  &lt;DECIMAL&gt; min."
ham,That's y i said it's bad dat all e gals know u... Wat u doing now?
ham,"By the way, i've put a skip right outside the front of the house so you can see which house it is. Just pull up before it."
spam,RECPT 1/3. You have ordered a Ringtone. Your order is being processed...
ham,"Hi , where are you? We're at  and they're not keen to go out i kind of am but feel i shouldn't so can we go out tomo, don't mind do you?"
ham,Lemme know when you're here
ham,It certainly puts things into perspective when something like this happens
ham,I might go 2 sch. Yar at e salon now v boring.
ham,The Xmas story is peace.. The Xmas msg is love.. The Xmas miracle is jesus.. Hav a blessed month ahead &amp; wish U Merry Xmas...
ham,U GOIN OUT 2NITE?
ham,Oh...i asked for fun. Haha...take care. ü
ham,U too...
ham,All sounds good. Fingers . Makes it difficult to type
ham,Good morning princess! Have a great day!
ham,Annoying isn't it.
ham,No..but heard abt tat..
ham,I taught that Ranjith sir called me. So only i sms like that. Becaus hes verifying about project. Prabu told today so only pa dont mistake me..
ham,"Sir, waiting for your letter."
ham,Were gonna go get some tacos
spam,"New Mobiles from 2004, MUST GO! Txt: NOKIA to No: 89545 & collect yours today! From ONLY £1. www.4-tc.biz 2optout 087187262701.50gbp/mtmsg18 TXTAUCTION."
ham,How much r ü willing to pay?
ham,"Funny fact Nobody teaches volcanoes 2 erupt, tsunamis 2 arise, hurricanes 2 sway aroundn no 1 teaches hw 2 choose a wife Natural disasters just happens"
ham,Lol no. Just trying to make your day a little more interesting
ham,Still chance there. If you search hard you will get it..let have a try :)
ham,In sch but neva mind u eat 1st lor..
ham,MY NO. IN LUTON 0125698789 RING ME IF UR AROUND! H*
ham,I'm on my way home. Went to change batt 4 my watch then go shop a bit lor.
spam,Please call our customer service representative on FREEPHONE 0808 145 4742 between 9am-11pm as you have WON a guaranteed £1000 cash or £5000 prize!
spam,Boltblue tones for 150p Reply POLY# or MONO# eg POLY3 1. Cha Cha Slide 2. Yeah 3. Slow Jamz 6. Toxic 8. Come With Me or STOP 4 more tones txt MORE
ham,I wnt to buy a BMW car urgently..its vry urgent.but hv a shortage of  &lt;#&gt; Lacs.there is no source to arng dis amt. &lt;#&gt; lacs..thats my prob
ham,How much for an eighth?
ham,I'm now but have to wait till 2 for the bus to pick me.
spam,"Oh my god! I've found your number again! I'm so glad, text me back xafter this msgs cst std ntwk chg £1.50"
ham,"Hmmm.... Mayb can try e shoppin area one, but forgot e name of hotel..."
ham,Geeeee ... I love you so much I can barely stand it
spam,"Dear Matthew please call 09063440451 from a landline, your complimentary 4*Lux Tenerife holiday or £1000 CASH await collection. ppm150 SAE T&Cs Box334 SK38XH."
ham,Dude how do you like the buff wind.
ham,Does cinema plus drink appeal tomo? * Is a fr thriller by director i like on at mac at 8.30.
ham,If you r @ home then come down within 5 min
ham,"Sorry, I'll call later"
ham,Ding me on ya break fassyole! Blacko from londn
spam,"This is the 2nd time we have tried 2 contact u. U have won the £750 Pound prize. 2 claim is easy, call 087187272008 NOW1! Only 10p per minute. BT-national-rate."
ham,i see. When we finish we have loads of loans to pay
ham,Waiting 4 my tv show 2 start lor... U leh still busy doing ur report?
ham,No got new job at bar in airport on satsgettin 4.47per hour but means no lie in! keep in touch
ham,I am late. I will be there at
ham,"It's ok, at least armand's still around"
ham, &lt;#&gt;  mins but i had to stop somewhere first.
ham,Howz that persons story
spam,PRIVATE! Your 2003 Account Statement for shows 800 un-redeemed S.I.M. points. Call 08715203685 Identifier Code:4xx26 Expires 13/10/04
ham,I have no money 4 steve mate! !
ham,I cant pick the phone right now. Pls send a message
ham,Already one guy loving you:-.
ham,*deep sigh* ... I miss you :-( ... I am really surprised you haven't gone to the net cafe yet to get to me ... Don't you miss me?
ham,Don know. I did't msg him recently.
ham,So how many days since then?
ham,Ok. She'll be ok. I guess
ham,There the size of elephant tablets & u shove um up ur ass!!
ham,HI BABE IM AT HOME NOW WANNA DO SOMETHING? XX
ham,Am on the uworld site. Am i buying the qbank only or am i buying it with the self assessment also?
ham,Today i'm not workin but not free oso... Gee... Thgt u workin at ur fren's shop ? 
ham,"Although i told u dat i'm into baig face watches now but i really like e watch u gave cos it's fr u. Thanx 4 everything dat u've done today, i'm touched..."
spam,07732584351 - Rodger Burns - MSG = We tried to call you re your reply to our sms for a free nokia mobile + free camcorder. Please call now 08000930705 for delivery tomorrow
ham,K:)k:)good:)study well.
ham,I asked sen to come chennai and search for job.
ham,Yes... I trust u to buy new stuff ASAP so I can try it out
ham,"My life Means a lot to me, Not because I love my life, But because I love the people in my life, The world calls them friends, I call them my World:-).. Ge:-).."
spam,SMS AUCTION You have won a Nokia 7250i. This is what you get when you win our FREE auction. To take part send Nokia to 86021 now. HG/Suite342/2Lands Row/W1JHL 16+
ham,HIYA COMIN 2 BRISTOL 1 ST WEEK IN APRIL. LES GOT OFF + RUDI ON NEW YRS EVE BUT I WAS SNORING.THEY WERE DRUNK! U BAK AT COLLEGE YET? MY WORK SENDS INK 2 BATH.
ham,TELL HER I SAID EAT SHIT.
ham,Why you keeping me away like this
ham,And how's your husband.
ham,Am slow in using biola's fne
ham,You are not bothering me but you have to trust my answers. Pls.
ham,So no messages. Had food?
ham,But I'm on a diet. And I ate 1 too many slices of pizza yesterday. Ugh I'm ALWAYS on a diet.
ham,S'fine. Anytime. All the best with it.
ham,There is os called ubandu which will run without installing in hard disk...you can use that os to copy the important files in system and give it to repair shop..
ham,Dunno y u ask me.
ham,She's fine. Sends her greetings
ham,Ok... Sweet dreams...
ham,"Hey, can you tell me blake's address? Carlos wanted me to meet him there but I got lost and he's not answering his phone"
ham,Hi. || Do u want | to join me with sts later? || Meeting them at five. || Call u after class.
ham,Yes its possible but dint try. Pls dont tell to any one k
ham,Good morning princess! Happy New Year!
spam,5p 4 alfie Moon's Children in need song on ur mob. Tell ur m8s. Txt Tone charity to 8007 for Nokias or Poly charity for polys: zed 08701417012 profit 2 charity.
ham,Was doing my test earlier. I appreciate you. Will call you tomorrow.
ham,I know I'm lacking on most of this particular dramastorm's details but for the most part I'm not worried about that
ham,Okie...
spam,FREEMSG: Our records indicate you may be entitled to 3750 pounds for the Accident you had. To claim for free reply with YES to this msg. To opt out text STOP
ham,Yup
ham,PS U no ur a grown up now right?
spam,"FREE NOKIA Or Motorola with upto 12mths 1/2price linerental, 500 FREE x-net mins&100txt/mth FREE B'tooth*. Call Mobileupd8 on 08001950382 or call 2optout/D3WV"
ham,"LOOK AT AMY URE A BEAUTIFUL, INTELLIGENT WOMAN AND I LIKE U A LOT. I KNOW U DONT LIKE ME LIKE THAT SO DONT WORRY."
ham,Haiyoh... Maybe your hamster was jealous of million
spam,"Hello darling how are you today? I would love to have a chat, why dont you tell me what you look like and what you are in to sexy?"
ham,Today is ACCEPT DAY..U Accept me as? Brother Sister Lover Dear1 Best1 Clos1 Lvblefrnd Jstfrnd Cutefrnd Lifpartnr Belovd Swtheart Bstfrnd No rply means enemy
ham,Let me know how it changes in the next 6hrs. It can even be appendix but you are out of that age range. However its not impossible. So just chill and let me know in 6hrs
ham,Ok i vl..do u know i got adsense approved..
ham,How much is torch in 9ja.
ham,I'm sick !! I'm needy !! I want you !! *pouts* *stomps feet* Where are you ?! *pouts* *stomps feet* I want my slave !! I want him now !!
ham,"By the way, make sure u get train to worc foregate street not shrub hill. Have fun night x"
ham,K. I will sent it again
ham,"Yeah that's what I thought, lemme know if anything's goin on later"
ham,What's happening with you. Have you gotten a job and have you begun registration for permanent residency
spam,Mobile Club: Choose any of the top quality items for your mobile. 7cfca1a
ham,If you're not in my car in an hour and a half I'm going apeshit
ham,At what time are you coming.
ham,"I call you later, don't have network. If urgnt, sms me."
ham,Did u find a sitter for kaitlyn? I was sick and slept all day yesterday.
ham,"I just got home babe, are you still awake ?"
ham,"see you then, we're all christmassy here!"
ham,Nice.nice.how is it working?
ham,"Yeah sure, give me a couple minutes to track down my wallet"
spam,URGENT This is our 2nd attempt to contact U. Your £900 prize from YESTERDAY is still awaiting collection. To claim CALL NOW 09061702893. ACL03530150PM
spam,"For ur chance to win a £250 wkly shopping spree TXT: SHOP to 80878. T's&C's www.txt-2-shop.com custcare 08715705022, 1x150p/wk"
ham,No. I.ll meet you in the library
ham,How will I creep on you now? ;_;
ham,Buzzzz! *grins* Did I buzz your ass? Buzz your chest ? Buzz your cock ? Where do you keep your phone ? Is the vibrator on ? Did you feel it shake ?
ham,Can you let me know details of fri when u find out cos I'm not in tom or fri. mentionned chinese. Thanks
ham,No you'll just get a headache trying to figure it out. U can trust me to do the math. I promise. O:-)
ham,No just send to you. Bec you in temple na.
ham,You made my day. Do have a great day too.
spam,FREE UNLIMITED HARDCORE PORN direct 2 your mobile Txt PORN to 69200 & get FREE access for 24 hrs then chrgd@50p per day txt Stop 2exit. This msg is free
ham,K sure am in my relatives home. Sms me de. Pls:-)
ham,"Yeah go on then, bored and depressed sittin waitin for phone to ring... Hope the wind drops though, scary"
ham,He like not v shock leh. Cos telling shuhui is like telling leona also. Like dat almost all know liao. He got ask me abt ur reaction lor.
ham,Yeah you should. I think you can use your gt atm now to register. Not sure but if there's anyway i can help let me know. But when you do be sure you are ready.
ham,"Dont give a monkeys wot they think and i certainly don't mind. Any friend of mine&all that! Just don't sleep wiv , that wud be annoyin!"
ham,No da..today also i forgot..
spam,4mths half price Orange line rental & latest camera phones 4 FREE. Had your phone 11mths ? Call MobilesDirect free on 08000938767 to update now! or2stoptxt
ham,Old Orchard near univ. How about you?
ham,This is all just creepy and crazy to me.
ham,Don‘t give a flying monkeys wot they think and I certainly don‘t mind. Any friend of mine and all that!
ham,How to Make a girl Happy? It's not at all difficult to make girls happy. U only need to be... 1. A friend 2. Companion 3. Lover 4. Chef . . .  &lt;#&gt; . Good listener  &lt;#&gt; . Organizer  &lt;#&gt; . Good boyfriend  &lt;#&gt; . Very clean  &lt;#&gt; . Sympathetic  &lt;#&gt; . Athletic  &lt;#&gt; . Warm . . .  &lt;#&gt; . Courageous  &lt;#&gt; . Determined  &lt;#&gt; . True  &lt;#&gt; . Dependable  &lt;#&gt; . Intelligent . . .  &lt;#&gt; . Psychologist  &lt;#&gt; . Pest exterminator  &lt;#&gt; . Psychiatrist  &lt;#&gt; . Healer . .  &lt;#&gt; . Stylist  &lt;#&gt; . Driver . . Aaniye pudunga venaam..
ham,when you and derek done with class?
ham,WOT STUDENT DISCOUNT CAN U GET ON BOOKS?
ham,Thank u. IT BETTER WORK OUT CAUSE I WILL FEEL USED OTHERWISE
ham,"Sir, I have been late in paying rent for the past few months and had to pay a $ &lt;#&gt;  charge. I felt it would be inconsiderate of me to nag about something you give at great cost to yourself and that's why i didnt speak up. I however am in a recession and wont be able to pay the charge this month hence my askin well ahead of month's end. Can you please help. Thanks"
ham,SERIOUSLY. TELL HER THOSE EXACT WORDS RIGHT NOW.
ham,Boo what time u get out? U were supposed to take me shopping today. :(
spam,WIN URGENT! Your mobile number has been awarded with a £2000 prize GUARANTEED call 09061790121 from land line. claim 3030 valid 12hrs only 150ppm 
spam,FreeMsg Hi baby wow just got a new cam moby. Wanna C a hot pic? or Fancy a chat?Im w8in 4uTxt / rply CHAT to 82242 Hlp 08712317606 Msg150p 2rcv
spam,Customer service annoncement. You have a New Years delivery waiting for you. Please call 07046744435 now to arrange delivery
ham,Thanks  and ! Or bomb and date as my phone wanted to say! 
ham,"Sorry, I'll call later"
ham,I am on the way to ur home
ham,"I can't right this second, gotta hit people up first"
spam,"BangBabes Ur order is on the way. U SHOULD receive a Service Msg 2 download UR content. If U do not, GoTo wap. bangb. tv on UR mobile internet/service menu"
ham,Ok I'm gonna head up to usf in like fifteen minutes
ham,How long does it take to get it.
ham,Are you willing to go for aptitude class.
ham,"I can't, I don't have her number!"
ham,Ok c ü then.
ham,Rofl. Its true to its name
spam,2p per min to call Germany 08448350055 from your BT line. Just 2p per min. Check PlanetTalkInstant.com for info & T's & C's. Text stop to opt out
ham,So can collect ur laptop?
ham,"Sorry, I'll call later in meeting"
ham,Nutter. Cutter. Ctter. Cttergg. Cttargg. Ctargg. Ctagg. ie you
ham,You are right. Meanwhile how's project twins comin up
ham,LOOK AT THE FUCKIN TIME. WHAT THE FUCK YOU THINK IS UP
spam,"09066362231 URGENT! Your mobile No 07xxxxxxxxx won a £2,000 bonus caller prize on 02/06/03! this is the 2nd attempt to reach YOU! call 09066362231 ASAP!"
ham,How are you holding up?
spam,PRIVATE! Your 2003 Account Statement for 07973788240 shows 800 un-redeemed S. I. M. points. Call 08715203649 Identifier Code: 40533 Expires 31/10/04
ham,I think u have the wrong number.
ham,Yeah he got in at 2 and was v apologetic. n had fallen out and she was actin like spoilt child and he got caught up in that. Till 2! But we won't go there! Not doing too badly cheers. You? 
ham,Sad story of a Man - Last week was my b'day. My Wife did'nt wish me. My Parents forgot n so did my Kids . I went to work. Even my Colleagues did not wish.
ham,"I guess that's why you re worried. You must know that there's a way the body repairs itself. And i'm quite sure you shouldn't worry. We'll take it slow. First the tests, they will guide when your ovulation is then just relax. Nothing you've said is a reason to worry but i.ll keep on followin you up."
ham,Can you just come in for a sec? There's somebody here I want you to see
ham,BOO BABE! U ENJOYIN YOURJOB? U SEEMED 2 B GETTIN ON WELL HUNNY!HOPE URE OK?TAKE CARE & ILLSPEAK 2U SOONLOTS OF LOVEME XXXX.
spam,December only! Had your mobile 11mths+? You are entitled to update to the latest colour camera mobile for Free! Call The Mobile Update Co FREE on 08002986906
ham,Happy new year. Hope you are having a good semester
ham,Or ü go buy wif him then i meet ü later can?
ham,Actually getting ready to leave the house.
ham,How come u got nothing to do?
ham,I need details about that online job.
ham,"Watching cartoon, listening music &amp; at eve had to go temple &amp; church.. What about u?"
ham,No one interested. May be some business plan.
ham,"Hey elaine, is today's meeting still on?"
ham,"Ya tel, wats ur problem.."
ham,"Aight, sounds good. When do you want me to come down?"
ham,"Science tells that chocolate will melt under the sunlight. Please don't walk under the sunlight. BCoz,I don't want to loss a sweet friend."
ham,I want to go to perumbavoor
ham,New car and house for my parents.:)i have only new job in hand:)
ham,So now my dad is gonna call after he gets out of work and ask all these crazy questions.
spam,"You've won tkts to the EURO2004 CUP FINAL or £800 CASH, to collect CALL 09058099801 b4190604, POBOX 7876150ppm"
ham,You sure your neighbors didnt pick it up
ham,Yes princess! I want to please you every night. Your wish is my command...
ham,Good night my dear.. Sleepwell&amp;Take care
spam,FREE for 1st week! No1 Nokia tone 4 ur mob every week just txt NOKIA to 8007 Get txting and tell ur mates www.getzed.co.uk POBox 36504 W45WQ norm150p/tone 16+
ham,"Actually, my mobile is full of msg. And i m doing a work online, where i need to send them  &lt;#&gt;  sent msg i wil explain u later."
spam,dating:i have had two of these. Only started after i sent a text to talk sport radio last week. Any connection do you think or coincidence?
ham,"A bit of Ur smile is my hppnss, a drop of Ur tear is my sorrow, a part of Ur heart is my life, a heart like mine wil care for U, forevr as my GOODFRIEND"
ham,Yes:)here tv is always available in work place..
ham,Hi :)finally i completed the course:)
ham,"Sorry, left phone upstairs. OK, might be hectic but would be all my birds with one fell swoop. It's a date."
ham,"Ok. Can be later showing around 8-8:30 if you want + cld have drink before. Wld prefer not to spend money on nosh if you don't mind, as doing that nxt wk."
ham,Unfortunately i've just found out that we have to pick my sister up from the airport that evening so don't think i'll be going out at all. We should try to go out one of th
ham,did u get that message
ham,7 at esplanade.. Do ü mind giving me a lift cos i got no car today..
ham,Up to ü... Ü wan come then come lor... But i din c any stripes skirt...
ham,Yes but I don't care cause I know its there!
ham,Sleeping nt feeling well
ham,It has issues right now. Ill fix for her by tomorrow.
ham,Hey gals...U all wanna meet 4 dinner at nìte? 
ham,HMM yeah if your not too grooved out! And im looking forward to my pound special :)
ham,Want to send me a virtual hug?... I need one
ham,U know we watchin at lido?
ham,No da if you run that it activate the full version da.
ham,Ball is moving a lot.will spin in last :)so very difficult to bat:)
ham,Ron say fri leh. N he said ding tai feng cant make reservations. But he said wait lor.
ham,How abt making some of the pics bigger?
ham,What's ur pin?
ham,"Call me. I m unable to cal. Lets meet bhaskar, and deep"
ham,"Beautiful Truth against Gravity.. Read carefully: ""Our heart feels light when someone is in it.. But it feels very heavy when someone leaves it.."" GOODMORNING"
ham,You still coming tonight?
ham,Nice.nice.how is it working?
spam,Well done ENGLAND! Get the official poly ringtone or colour flag on yer mobile! text TONE or FLAG to 84199 NOW! Opt-out txt ENG STOP. Box39822 W111WX £1.50
ham,"I've got ten bucks, jay is being noncomittal"
spam,Want 2 get laid tonight? Want real Dogging locations sent direct 2 ur Mob? Join the UK's largest Dogging Network by txting MOAN to 69888Nyt. ec2a. 31p.msg@150p
ham,ARR birthday today:) i wish him to get more oscar.
ham,K..k...from tomorrow onwards started ah?
ham,Exactly. Anyways how far. Is jide her to study or just visiting
ham,Yes when is the appt again?
ham,No we sell it all so we'll have tons if coins. Then sell our coins to someone thru paypal. Voila! Money back in life pockets:)
ham,How did you find out in a way that didn't include all of these details
ham,"I'm gonna be home soon and i don't want to talk about this stuff anymore tonight, k? I've cried enough today."
ham,"Sorry chikku, my cell got some problem thts y i was nt able to reply u or msg u.."
ham,"Ok., is any problem to u frm him? Wats matter?"
ham,Rats. Hey did u ever vote for the next themes?
ham,Are you comingdown later?
ham,Ok.. Ü finishing soon?
spam,"cmon babe, make me horny, *turn* me on! Txt me your fantasy now babe -) Im hot, sticky and need you now. All replies cost £1.50. 2 cancel send STOP"
spam,WINNER! As a valued network customer you hvae been selected to receive a £900 reward! To collect call 09061701444. Valid 24 hours only. ACL03530150PM
ham,Oh thats late! Well have a good night and i will give u a call tomorrow. Iam now going to go to sleep night night
ham,The length is e same but e top shorter n i got a fringe now. I thk i'm not going liao. Too lazy. Dun wan 2 distract u also.
spam,URGENT! We are trying to contact U. Todays draw shows that you have won a £800 prize GUARANTEED. Call 09050001295 from land line. Claim A21. Valid 12hrs only
ham,"life alle mone,eppolum oru pole allalo"
ham,"Awesome, plan to get here any time after like  &lt;#&gt; , I'll text you details in a wee bit"
ham,"Yes obviously, but you are the eggs-pert and the potato head… Speak soon! "
ham,I wil be there with in  &lt;#&gt;  minutes. Got any space
ham,Hi! This is Roger from CL. How are you?
ham,No da. I am happy that we sit together na
ham,Pls what's the full name of joke's school cos fees in university of florida seem to actually be  &lt;#&gt; k. Pls holla back
ham,Shall I bring us a bottle of wine to keep us amused? Only joking! I‘ll bring one anyway
spam,Your credits have been topped up for http://www.bubbletext.com Your renewal Pin is tgxxrz
ham,"It's not that you make me cry. It's just that when all our stuff happens on top of everything else, it pushes me over the edge. You don't underdtand how often i cry over my sorry, sorry life."
ham,"New Theory: Argument wins d SITUATION, but loses the PERSON. So dont argue with ur friends just.. . . . kick them &amp; say, I'm always correct.!"
ham,Me too. Mark is taking forever to pick up my prescription and the pain is coming back.
ham,I absolutely LOVE South Park! I only recently started watching the office.
ham,Great. Have a safe trip. Dont panic surrender all.
ham,"Why is that, princess? I bet the brothas are all chasing you!"
ham,You will be in the place of that man
ham,"HEY HEY WERETHE MONKEESPEOPLE SAY WE MONKEYAROUND! HOWDY GORGEOUS, HOWU DOIN? FOUNDURSELF A JOBYET SAUSAGE?LOVE JEN XXX"
ham,CHEERS LOU! YEAH WAS A GOODNITE SHAME U NEVA CAME! C YA GAILxx
ham,Yeah just open chat and click friend lists. Then make the list. Easy as pie
ham,"Evry Emotion dsn't hav Words.Evry Wish dsn't hav Prayrs.. If u Smile,D World is wit u.Othrwise even d Drop of Tear dsn't lik 2 Stay wit u.So b happy.. Good morning, keep smiling:-)"
ham,I'll be at mu in like  &lt;#&gt;  seconds
ham,YO YO YO BYATCH WHASSUP?
ham,Want to finally have lunch today?
ham,OK i'm waliking ard now... Do u wan me 2 buy anything go ur house?
ham,Was actually sleeping and still might when u call back. So a text is gr8. You rock sis. Will send u a text wen i wake.
ham,Hi dude hw r u da realy mising u today
ham,Is there coming friday is leave for pongal?do you get any news from your work place.
ham,Where are you call me.
ham,Thought we could go out for dinner. I'll treat you! Seem ok?
ham,cool. We will have fun practicing making babies!
ham,Aiyah ok wat as long as got improve can already wat...
ham,"… we r stayin here an extra week, back next wed. How did we do in the rugby this weekend? Hi to and and , c u soon """
ham,"Sorry, I'll call later in meeting any thing related to trade please call Arul. &lt;#&gt; "
ham,Hello beautiful r u ok? I've kinda ad a row wiv and he walked out the pub?? I wanted a night wiv u Miss u 
ham,S:-)kallis wont play in first two odi:-)
ham,"Nope. Since ayo travelled, he has forgotten his guy"
ham,Tell me pa. How is pain de.
ham,My computer just fried the only essential part we don't keep spares of because my fucking idiot roommates looovvve leaving the thing running on full  &lt;#&gt; /7
ham,R ü going 4 today's meeting?
spam,Congratulations U can claim 2 VIP row A Tickets 2 C Blu in concert in November or Blu gift guaranteed Call 09061104276 to claim TS&Cs www.smsco.net cost£3.75max 
ham,Kent vale lor... Ü wait 4 me there ar?
ham,Pls go there today  &lt;#&gt; . I dont want any excuses
ham,And whenever you and i see we can still hook up too.
ham,I am in hospital da. . I will return home in evening
ham,"Feb  &lt;#&gt;  is ""I LOVE U"" day. Send dis to all ur ""VALUED FRNDS"" evn me. If 3 comes back u'll gt married d person u luv! If u ignore dis u will lose ur luv 4 Evr"
ham,You best watch what you say cause I get drunk as a motherfucker
ham,"Haha awesome, I've been to 4u a couple times. Who all's coming?"
ham,"Wait, do you know if wesleys in town? I bet she does hella drugs!"
ham,1Apple/Day=No Doctor. 1Tulsi Leaf/Day=No Cancer. 1Lemon/Day=No Fat. 1Cup Milk/day=No Bone Problms 3 Litres Watr/Day=No Diseases Snd ths 2 Whom U Care..:-)
ham,Will purchase d stuff today and mail to you. Do you have a po box number?
ham,Bugis oso near wat... 
ham,"Haha better late than ever, any way I could swing by?"
ham,HOW ARE U? I HAVE MISSED U! I HAVENT BEEN UP 2 MUCH A BIT BORED WITH THE HOLIDAY WANT 2 GO BAK 2 COLLEGE! SAD ISNT IT?xx
ham,Dont think so. It turns off like randomlly within 5min of opening
ham,"Dont worry, 1 day very big lambu ji vl come..til then enjoy batchlor party:-)"
ham,Wewa is 130. Iriver 255. All 128 mb.
ham,Can do lor...
spam,SMS AUCTION - A BRAND NEW Nokia 7250 is up 4 auction today! Auction is FREE 2 join & take part! Txt NOKIA to 86021 now! HG/Suite342/2Lands Row/W1J6HL
spam,PRIVATE! Your 2003 Account Statement for shows 800 un-redeemed S. I. M. points. Call 08718738002 Identifier Code: 48922 Expires 21/11/04
ham,"I av a new number,  . Wil u only use this one,ta."
ham,Mmm so yummy babe ... Nice jolt to the suzy
ham,What's a feathery bowa? Is that something guys have that I don't know about?
ham,My birthday is on feb  &lt;#&gt;  da. .
ham,Then u drive lor.
ham,Whatsup there. Dont u want to sleep
ham,Watching tv now. I got new job :)
ham,Ok
ham,Where to get those?
spam,"Your free ringtone is waiting to be collected. Simply text the password ""MIX"" to 85069 to verify. Get Usher and Britney. FML, PO Box 5249, MK17 92H. 450Ppw 16"
ham,"Yes, princess. Toledo."
ham,I am on the way to tirupur.
ham,Is ur changes 2 da report big? Cos i've already made changes 2 da previous report.
ham,Is there any training tomorrow?
ham,Its not the same here. Still looking for a job. How much do Ta's earn there.
ham,Wat time ü finish?
ham,As per your request 'Maangalyam (Alaipayuthe)' has been set as your callertune for all Callers. Press *9 to copy your friends Callertune
ham,When you guys planning on coming over?
spam,"TheMob>Hit the link to get a premium Pink Panther game, the new no. 1 from Sugababes, a crazy Zebra animation or a badass Hoody wallpaper-all 4 FREE!"
spam,FREE entry into our £250 weekly comp just send the word ENTER to 84128 NOW. 18 T&C www.textcomp.com cust care 08712405020.
ham,"Sure, whenever you show the fuck up &gt;:("
ham,on a Tuesday night r u 4 real
ham,"K I'm ready,  &lt;#&gt; ?"
spam,BIG BROTHER ALERT! The computer has selected u for 10k cash or #150 voucher. Call 09064018838. NTT PO Box CRO1327 18+ BT Landline Cost 150ppm mobiles vary
ham,Havent stuck at orchard in my dad's car. Going 4 dinner now. U leh? So r they free tonight?
ham,"Dont search love, let love find U. Thats why its called falling in love, bcoz U dont force yourself, U just fall and U know there is smeone to hold U... BSLVYL"
ham,You will be in the place of that man
ham,Mm i am on the way to railway
ham,"He will, you guys close?"
ham,Esplanade lor. Where else...
ham,Great. So should i send you my account number.
ham,"Oh ! A half hour is much longer in Syria than Canada, eh ? Wow you must get SO much more work done in a day than us with all that extra time ! *grins*"
ham,"Hello! Just got here, st andrews-boy its a long way! Its cold. I will keep you posted"
ham,See? I thought it all through
ham,I meant middle left or right?
ham,* You gonna ring this weekend or wot?
spam,"Today's Offer! Claim ur £150 worth of discount vouchers! Text YES to 85023 now! SavaMob, member offers mobile! T Cs 08717898035. £3.00 Sub. 16 . Unsub reply X"
ham,ALRITE HUNNY!WOT U UP 2 2NITE? DIDNT END UP GOIN DOWN TOWN JUS DA PUB INSTEAD! JUS CHILLIN AT DA MO IN ME BEDROOM!LOVE JEN XXX.
ham,"Sorry, I can't help you on this."
spam,"Welcome to Select, an O2 service with added benefits. You can now call our specially trained advisors FREE from your mobile by dialling 402."
ham,Yes.i'm in office da:)
ham,I've not sent it. He can send me.
ham,"Alright we're hooked up, where you guys at"
ham,Please leave this topic..sorry for telling that..
ham,Lol I know! They're so dramatic. Schools already closed for tomorrow. Apparently we can't drive in the inch of snow were supposed to get.
ham,If u sending her home first it's ok lor. I'm not ready yet.
ham,"Oops I did have it,  &lt;#&gt; ?"
ham,Lol u still feeling sick?
ham,is your hamster dead? Hey so tmr i meet you at 1pm orchard mrt? 
ham,Just wanted to say holy shit you guys weren't kidding about this bud
ham,Ok good then i later come find ü... C lucky i told ü to go earlier... Later pple take finish ü no more again...
ham,Yeah. I got a list with only u and Joanna if I'm feeling really anti social
ham,But i have to. I like to have love and arrange.
ham,That's one of the issues but california is okay. No snow so its manageable
ham,Hey no I ad a crap nite was borin without ya 2 boggy with me u boring biatch! Thanx but u wait til nxt time il ave ya 
ham,Just sleeping..and surfing
ham,"wiskey Brandy Rum Gin Beer Vodka Scotch Shampain Wine ""KUDI""yarasu dhina vaazhthukkal. .."
ham,Yupz... I've oredi booked slots 4 my weekends liao... 
ham,I'm at bruce &amp; fowler now but I'm in my mom's car so I can't park (long story)
ham,Baaaaabe! I misss youuuuu ! Where are you ? I have to go and teach my class at 5 ...
ham,Jus finished avatar nigro
spam,"SMS. ac JSco: Energy is high, but u may not know where 2channel it. 2day ur leadership skills r strong. Psychic? Reply ANS w/question. End? Reply END JSCO"
ham,I know but you need to get hotel now. I just got my invitation but i had to apologise. Cali is to sweet for me to come to some english bloke's weddin
ham,"HELLOGORGEOUS, HOWS U? MY FONE WAS ON CHARGE LST NITW WEN U TEXD ME. HOPEU AD A NICE WKEND AS IM SURE U DID LOOKIN 4WARD 2 C-IN U 2MRW LUV JAZ"
spam,Want explicit SEX in 30 secs? Ring 02073162414 now! Costs 20p/min Gsex POBOX 2667 WC1N 3XX
ham,Hey mr whats the name of that bill brison book the one about language and words 
ham,Badrith is only for chennai:)i will surely pick for us:)no competition for him.
ham,Hello my little party animal! I just thought I'd buzz you as you were with your friends ...*grins*... Reminding you were loved and send a naughty adoring kiss
spam,u r a winner U ave been specially selected 2 receive £1000 cash or a 4* holiday (flights inc) speak to a live operator 2 claim 0871277810710p/min (18 )
spam,"Hack Chat. Get backdoor entry into 121 chat rooms at a fraction of the cost. Reply NEO69 or call 09050280520, to subscribe 25p pm. DPS, Bcm box 8027 Ldn, wc1n3xx"
ham,HI DARLIN IVE JUST GOT BACK AND I HAD A REALLY NICE NIGHT AND THANKS SO MUCH FOR THE LIFT SEE U TOMORROW XXX
ham,NOT ENUFCREDEIT TOCALL.SHALL ILEAVE UNI AT 6 +GET A BUS TO YOR HOUSE?
ham,I like to think there's always the possibility of being in a pub later.
ham,WHORE YOU ARE UNBELIEVABLE.
ham,"Sorry, I'll call later"
ham,No messages on her phone. I'm holding it now
ham,Dunno lei shd b driving lor cos i go sch 1 hr oni.
ham,THANX4 TODAY CER IT WAS NICE 2 CATCH UP BUT WE AVE 2 FIND MORE TIME MORE OFTEN OH WELL TAKE CARE C U SOON.C
ham,"I shall book chez jules for half eight, if that's ok with you?"
spam,"Customer service announcement. We recently tried to make a delivery to you but were unable to do so, please call 07090298926 to re-schedule. Ref:9307622"
spam,Call Germany for only 1 pence per minute! Call from a fixed line via access number 0844 861 85 85. No prepayment. Direct access!
ham,Sorry da..today i wont come to play..i have driving clas..
ham,I like dis sweater fr mango but no more my size already so irritating.
ham,I anything lor.
ham,Ok i've sent u da latest version of da project.
spam,U have a secret admirer. REVEAL who thinks U R So special. Call 09065174042. To opt out Reply REVEAL STOP. 1.50 per msg recd. Cust care 07821230901
ham,I bought the test yesterday. Its something that lets you know the exact day u ovulate.when will get 2u in about 2 to 3wks. But pls pls dont fret. I know u r worried. Pls relax. Also is there anything in ur past history u need to tell me?
ham,Shuhui say change 2 suntec steamboat? U noe where? Where r u now?
spam,18 days to Euro2004 kickoff! U will be kept informed of all the latest news and results daily. Unsubscribe send GET EURO STOP to 83222.
ham,Hmm thinking lor...
ham,I wish! I don't think its gonna snow that much. But it will be more than those flurries we usually get that melt before they hit the ground. Eek! We haven't had snow since &lt;#&gt; before I was even born!
ham,I love you both too :-)
ham,"Ok that would b lovely, if u r sure. Think about wot u want to do, drinkin, dancin, eatin, cinema, in, out, about... Up to u! Wot about ? "
ham,"I hav almost reached. Call, i m unable to connect u."
ham,Ok.ok ok..then..whats ur todays plan
ham,You do your studies alone without anyones help. If you cant no need to study.
ham,At 4. Let's go to bill millers
ham,I am not having her number sir
ham,Is there any movie theatre i can go to and watch unlimited movies and just pay once?
ham,WHO ARE YOU SEEING?
ham,I jokin oni lar.. Ü busy then i wun disturb ü.
ham,Hey what how about your project. Started aha da.
ham,Customer place i will call you
spam,Freemsg: 1-month unlimited free calls! Activate SmartCall Txt: CALL to No: 68866. Subscriptn3gbp/wk unlimited calls Help: 08448714184 Stop?txt stop landlineonly
ham,"Mmmmmm ... I love you,so much, Ahmad ... I can't wait for this year to begin as every second takes me closer to being at your side. Happy New Year, my love!!"
ham,Where are you?when wil you reach here?
ham,Yup i thk cine is better cos no need 2 go down 2 plaza mah.
ham,I cant pick the phone right now. Pls send a message
ham,Yup song bro. No creative. Neva test quality. He said check review online.
ham,He's just gonna worry for nothing. And he won't give you money its no use.
spam,PRIVATE! Your 2003 Account Statement for shows 800 un-redeemed S.I.M. points. Call 08718738001 Identifier Code: 49557 Expires 26/11/04
ham,"Im cool ta luv but v.tired 2 cause i have been doin loads of planning all wk, we have got our social services inspection at the nursery! Take care & spk sn x."
ham,I had askd u a question some hours before. Its answer
ham,Anything...
ham,Whos this am in class:-)
ham,Havent.
ham,Hi. Hope you had a good day. Have a better night.
spam,You have an important customer service announcement. Call FREEPHONE 0800 542 0825 now!
ham,Ok no problem... Yup i'm going to sch at 4 if i rem correctly...
ham,Why must we sit around and wait for summer days to celebrate. Such a magical sight when the worlds dressed in white. Oooooh let there be snow.
spam,"pdate_Now - Double mins and 1000 txts on Orange tariffs. Latest Motorola, SonyEricsson & Nokia & Bluetooth FREE! Call MobileUpd8 on 08000839402 or call2optout/!YHL"
ham,Ok lor. I ned 2 go toa payoh 4 a while 2 return smth u wan 2 send me there or wat?
spam,FREE for 1st week! No1 Nokia tone 4 ur mob every week just txt NOKIA to 8007 Get txting and tell ur mates www.getzed.co.uk POBox 36504 W45WQ norm150p/tone 16+
ham,Me hungry buy some food good lei... But mum n yun dun wan juz buy a little bit... 
ham,No my mum went 2 dentist.
ham,I'm in school now n i'll be in da lab doing some stuff give me a call when ü r done.
ham,Got it! It looks scrumptious... daddy wants to eat you all night long!
ham,"see, i knew giving you a break a few times woul lead to you always wanting to miss curfew. I was gonna gibe you 'til one, but a MIDNIGHT movie is not gonna get out til after 2. You need to come home. You need to getsleep and, if anything, you need to b studdying ear training."
ham,"Mah b, I'll pick it up tomorrow"
ham,Jokin only lar... :-) depends on which phone my father can get lor...
ham,Of course. I guess god's just got me on hold right now.
ham,"As usual..iam fine, happy &amp; doing well..:)"
ham,Do you like Italian food?
ham,It only does simple arithmetic not percentages.
ham,"Sorry, I can't text &amp; drive coherently, see you in twenty"
ham,Maybe i could get book out tomo then return it immediately ..? Or something.
spam,CLAIRE here am havin borin time & am now alone U wanna cum over 2nite? Chat now 09099725823 hope 2 C U Luv CLAIRE xx Calls£1/minmoremobsEMSPOBox45PO139WA
ham,I think it's all still in my car
ham,"8 at the latest, g's still there if you can scrounge up some ammo and want to give the new ak a try"
ham,You can never do NOTHING
ham,See you there! 
spam,"U can WIN £100 of Music Gift Vouchers every week starting NOW Txt the word DRAW to 87066 TsCs www.Idew.com SkillGame, 1Winaweek, age16. 150ppermessSubscription"
ham,Huh y lei...
ham,Ya even those cookies have jelly on them
spam,"Eerie Nokia tones 4u, rply TONE TITLE to 8007 eg TONE DRACULA to 8007 Titles: GHOST, ADDAMSFA, MUNSTERS, EXORCIST, TWILIGHT www.getzed.co.uk POBox36504W45WQ 150p"
ham,Not from this campus. Are you in the library?
ham,"As I entered my cabin my PA said, '' Happy B'day Boss !!''. I felt special. She askd me 4 lunch. After lunch she invited me to her apartment. We went there."
ham,Hope you are feeling great. Pls fill me in. Abiola
ham,I am back. Bit long cos of accident on a30. Had to divert via wadebridge.I had a brilliant weekend thanks. Speak soon. Lots of love
ham,Actually i deleted my old website..now i m blogging at magicalsongs.blogspot.com
ham,On the road so cant txt
ham,PLEASSSSSSSEEEEEE TEL ME V AVENT DONE SPORTSx
ham,"If you're still up, maybe leave the credit card so I can get gas when I get back like he told me to"
spam,Dear 0776xxxxxxx U've been invited to XCHAT. This is our final attempt to contact u! Txt CHAT to 86688 150p/MsgrcvdHG/Suite342/2Lands/Row/W1J6HL LDN 18yrs
ham,But am going to college pa. What to do. are else ill come there it self. Pa.
ham,"Just sent again. Do you scream and moan in bed, princess?"
spam,"URGENT! Your Mobile No 07808726822 was awarded a £2,000 Bonus Caller Prize on 02/09/03! This is our 2nd attempt to contact YOU! Call 0871-872-9758 BOX95QU"
ham,That is wondarfull song
ham,HI DARLIN I FINISH AT 3 DO U 1 2 PICK ME UP OR MEET ME? TEXT BACK ON THIS NUMBER LUV KATE XXX
ham,Keep my payasam there if rinu brings
ham,I like you peoples very much:) but am very shy pa.
ham,"Two fundamentals of cool life: ""Walk, like you are the KING""...! OR ""Walk like you Dont care,whoever is the KING""!... Gud nyt"
ham,"Wait that's still not all that clear, were you not sure about me being sarcastic or that that's why x doesn't want to live with us"
ham,"Also north carolina and texas atm, you would just go to the gre site and pay for the test results to be sent."
ham,"It'll be tough, but I'll do what I have to"
ham,How are you. Just checking up on you
ham,No drama Pls.i have had enough from you and family while i am struggling in the hot sun in a strange place.No reason why there should be an ego of not going 'IF NOT INVITED' when actually its necessity to go.wait for very serious reppurcussions.
ham,Nope thats fine. I might have a nap tho! 
ham,Hmm...my uncle just informed me that he's paying the school directly. So pls buy food.
ham,"Hurry up, I've been weed-deficient for like three days"
ham,You intrepid duo you! Have a great time and see you both soon. 
ham,Ill be there on  &lt;#&gt;  ok.
ham,Friendship poem: Dear O Dear U R Not Near But I Can Hear Dont Get Fear Live With Cheer No More Tear U R Always my Dear. Gud ni8
ham,I am not at all happy with what you saying or doing
ham,Smile in Pleasure Smile in Pain Smile when trouble pours like Rain Smile when sum1 Hurts U Smile becoz SOMEONE still Loves to see u Smiling!!
ham,;-) ok. I feel like john lennon.
ham,Nobody names their penis a girls name this story doesn't add up at all
ham,K ill drink.pa then what doing. I need srs model pls send it to my mail id pa.
ham,"Best line said in Love: . ""I will wait till the day I can forget u Or The day u realize that u cannot forget me.""... Gn"
ham,"Storming msg: Wen u lift d phne, u say ""HELLO"" Do u knw wt is d real meaning of HELLO?? . . . It's d name of a girl..! . . . Yes.. And u knw who is dat girl?? ""Margaret Hello"" She is d girlfrnd f Grahmbell who invnted telphone... . . . . Moral:One can 4get d name of a person, bt not his girlfrnd... G o o d n i g h t . . .@"
ham,"Edison has rightly said, ""A fool can ask more questions than a wise man can answer"" Now you know why all of us are speechless during ViVa.. GM,GN,GE,GNT:-)"
ham,Anything lor. Juz both of us lor.
ham,"Im in inperialmusic listening2the weirdest track ever byleafcutter john-sounds like insects being molested&someone plumbing,remixed by evil men on acid!"
ham,Here got ur favorite oyster... N got my favorite sashimi... Ok lar i dun say already... Wait ur stomach start rumbling...
ham,Tell them u have a headache and just want to use 1 hour of sick time.
spam,Todays Voda numbers ending 1225 are selected to receive a £50award. If you have a match please call 08712300220 quoting claim code 3100 standard rates app 
ham,What you thinked about me. First time you saw me in class.
ham,Sounds like a plan! Cardiff is still here and still cold! I'm sitting on the radiator!
ham,From 5 to 2 only my work timing.
spam,"As a valued customer, I am pleased to advise you that following recent review of your Mob No. you are awarded with a £1500 Bonus Prize, call 09066368470"
spam,"Welcome to UK-mobile-date this msg is FREE giving you free calling to 08719839835. Future mgs billed at 150p daily. To cancel send ""go stop"" to 89123"
spam,100 dating service cal;l 09064012103 box334sk38ch
ham,Ok no prob
spam,U 447801259231 have a secret admirer who is looking 2 make contact with U-find out who they R*reveal who thinks UR so special-call on 09058094597
ham,Oh wow thats gay. Will firmware update help
ham,Kallis wont bat in 2nd innings.
ham,Err... Cud do. I'm going to  at 8pm. I haven't got a way to contact him until then.
ham,Going to join tomorrow.
ham,"Dude. What's up. How Teresa. Hope you have been okay. When i didnt hear from these people, i called them and they had received the package since dec  &lt;#&gt; . Just thot you'ld like to know. Do have a fantastic year and all the best with your reading. Plus if you can really really Bam first aid for Usmle, then your work is done."
ham,I know that my friend already told that.
ham,"Under the sea, there lays a rock. In the rock, there is an envelope. In the envelope, there is a paper. On the paper, there are 3 words... '"
ham,"Got ur mail Dileep.thank you so muchand look forward to lots of support...very less contacts here,remember one venugopal you mentioned.tomorrow if not late,i shall try to come up till there.goodnight dear."
ham,Cancel cheyyamo?and get some money back?
spam,"FreeMsg Hey U, i just got 1 of these video/pic fones, reply WILD to this txt & ill send U my pics, hurry up Im so bored at work xxx (18 150p/rcvd STOP2stop)"
ham,"K, makes sense, btw carlos is being difficult so you guys are gonna smoke while I go pick up the second batch and get gas"
ham,I'm wif him now buying tix lar...
ham,Wherre's my boytoy ? :-(
ham,Did u got that persons story
ham,Cool. So how come you havent been wined and dined before?
ham,"Text me when you get off, don't call, my phones having problems"
spam,"XXXMobileMovieClub: To use your credit, click the WAP link in the next txt message or click here>> http://wap. xxxmobilemovieclub.com?n=QJKGIGHJJGCBL"
ham,Amazing : If you rearrange these letters it gives the same meaning... Dormitory = Dirty room Astronomer = Moon starer The eyes = They see Election results = Lies lets recount Mother-in-law = Woman Hitler Eleven plus two =Twelve plus one Its Amazing... !:-)
ham,Watch lor. I saw a few swatch one i thk quite ok. Ard 116 but i need 2nd opinion leh...
ham,I havent add ü yet right.. 
ham,Sent me ur email id soon
ham,"Ha. You don‘t know either. I did a a clever but simple thing with pears the other day, perfect for christmas."
ham,"Not much, just some textin'. How bout you?"
ham,No it's waiting in e car dat's bored wat. Cos wait outside got nothing 2 do. At home can do my stuff or watch tv wat.
ham,HARD BUT TRUE: How much you show &amp;  express your love to someone....that much it will hurt when they leave you or you get seperated...!鈥┾??〨ud evening...
ham,"Can you tell Shola to please go to college of medicine and visit the academic department, tell the academic secretary what the current situation is and ask if she can transfer there. She should ask someone to check Sagamu for the same thing and lautech. Its vital she completes her medical education in Nigeria. Its less expensive much less expensive. Unless she will be getting citizen rates in new zealand."
ham,Ok.
ham,"Single line with a big meaning::::: ""Miss anything 4 ur ""Best Life"" but, don't miss ur best life for anything... Gud nyt..."
ham,Lmao you know me so well...
ham,What you doing?how are you?
ham,Thanks for this hope you had a good day today
spam,"U were outbid by simonwatson5120 on the Shinco DVD Plyr. 2 bid again, visit sms. ac/smsrewards 2 end bid notifications, reply END OUT"
ham,You unbelievable faglord
ham,Thanks chikku..:-) gud nyt:-*
ham,But i'll b going 2 sch on mon. My sis need 2 take smth.
spam,We tried to contact you re your reply to our offer of a Video Handset? 750 anytime any networks mins? UNLIMITED TEXT? Camcorder? Reply or call 08000930705 NOW
ham,Lol ... I really need to remember to eat when I'm drinking but I do appreciate you keeping me company that night babe *smiles*
ham,The beauty of life is in next second.. which hides thousands of secrets. I wish every second will be wonderful in ur life...!! gud n8
spam,"URGENT!! Your 4* Costa Del Sol Holiday or £5000 await collection. Call 09050090044 Now toClaim. SAE, TC s, POBox334, Stockport, SK38xh, Cost£1.50/pm, Max10mins"
ham,I got it before the new year cos yetunde said she wanted to surprise you with it but when i didnt see money i returned it mid january before the  &lt;#&gt; day return period ended.
ham,What is this 'hex' place you talk of? Explain!
ham,How. Its a little difficult but its a simple way to enter this place
ham,Hope youre not having too much fun without me!! see u tomorrow love jess x
ham,", how's things? Just a quick question."
ham,"Uh, heads up we don't have THAT much left"
ham,Mmmmmmm *snuggles into you* ...*deep contented sigh* ... *whispers* ... I fucking love you so much I can barely stand it ...
ham,Still at west coast... Haiz... Ü'll take forever to come back...
ham,Ü ready then call me...
ham,"I'm in a meeting, call me later at"
ham,Love you aathi..love u lot..
ham,"Dear all, as we know  &lt;#&gt; th is the  &lt;#&gt; th birthday of our loving Gopalettan. We are planning to give a small gift on that day. Those who like to participate in that you are welcome. Please contact our admin team for more details"
ham,Onum ela pa. Normal than.
ham,"Yo, the game almost over? Want to go to walmart soon"
ham,Small problem in auction:)punj now asking tiwary
ham,"Faith makes things possible,Hope makes things work,Love makes things beautiful,May you have all three this Christmas!Merry Christmas!"
ham,Many times we lose our best ones bcoz we are 
ham,Oh k. . I will come tomorrow
ham,You are a very very very very bad girl. Or lady.
ham,I'm at home. Please call
spam,"WIN: We have a winner! Mr. T. Foley won an iPod! More exciting prizes soon, so keep an eye on ur mobile or visit www.win-82050.co.uk"
ham,Sounds great! Im going to sleep now. Have a good night!
ham,Hey... Why dont we just go watch x men and have lunch... Haha 
ham,No need lar. Jus testing e phone card. Dunno network not gd i thk. Me waiting 4 my sis 2 finish bathing so i can bathe. Dun disturb u liao u cleaning ur room.
ham,hi baby im cruisin with my girl friend what r u up 2? give me a call in and hour at home if thats alright or fone me on this fone now love jenny xxx
ham,You have registered Sinco as Payee. Log in at icicibank.com and enter URN  &lt;#&gt;  to confirm. Beware of frauds. Do NOT share or disclose URN to anyone.
ham,Today is ACCEPT DAY..U Accept me as? Brother Sister Lover Dear1 Best1 Clos1 Lvblefrnd Jstfrnd Cutefrnd Lifpartnr Belovd Swtheart Bstfrnd No rply means enemy
spam,"UpgrdCentre Orange customer, you may now claim your FREE CAMERA PHONE upgrade for your loyalty. Call now on 0207 153 9153. Offer ends 26th July. T&C's apply. Opt-out available"
ham,Going for dinner.msg you after.
ham,What type of stuff do you sing?
spam,As one of our registered subscribers u can enter the draw 4 a 100 G.B. gift voucher by replying with ENTER. To unsubscribe text STOP
ham,"Hi, can i please get a  &lt;#&gt;  dollar loan from you. I.ll pay you back by mid february. Pls."
ham,TaKe CaRE n gET WeLL sOOn
ham,"Sorry, I'll call later"
ham,Cbe is really good nowadays:)lot of shop and showrooms:)city is shaping good.
spam,22 days to kick off! For Euro2004 U will be kept up to date with the latest news and results daily. To be removed send GET TXT STOP to 83222
ham,"We have sent JD for Customer Service cum Accounts Executive to ur mail id, For details contact us"
ham,Same to u...
ham,"Huh... Hyde park not in mel ah, opps, got confused... Anyway, if tt's e best choice den we juz have to take it..."
ham,"Wa, ur openin sentence very formal... Anyway, i'm fine too, juz tt i'm eatin too much n puttin on weight...Haha... So anythin special happened?"
ham,May b approve panalam...but it should have more posts..
ham,Haha... They cant what... At the most tmr forfeit... haha so how?
spam,"Last Chance! Claim ur £150 worth of discount vouchers today! Text SHOP to 85023 now! SavaMob, offers mobile! T Cs SavaMob POBOX84, M263UZ. £3.00 Sub. 16"
ham,The hair cream has not been shipped.
ham,"Oh, then your phone phoned me but it disconnected"
ham,No did you check? I got his detailed message now
ham,Why nothing. Ok anyway give me treat
ham,Ic. There are a lotta childporn cars then.
ham,… and don‘t worry we‘ll have finished by march … ish!
ham,You give us back my id proof and  &lt;#&gt;  rs. We wont allow you to work. We will come to your home within days
spam,"Twinks, bears, scallies, skins and jocks are calling now. Don't miss the weekend's fun. Call 08712466669 at 10p/min. 2 stop texts call 08712460324(nat rate)"
ham,"No I'm good for the movie, is it ok if I leave in an hourish?"
spam,Dear U've been invited to XCHAT. This is our final attempt to contact u! Txt CHAT to 86688
spam,EASTENDERS TV Quiz. What FLOWER does DOT compare herself to? D= VIOLET E= TULIP F= LILY txt D E or F to 84025 NOW 4 chance 2 WIN £100 Cash WKENT/150P16+
ham,Don no da:)whats you plan?
ham,HI DARLIN ITS KATE ARE U UP FOR DOIN SOMETHIN TONIGHT? IM GOING TO A PUB CALLED THE SWAN OR SOMETHING WITH MY PARENTS FOR ONE DRINK SO PHONE ME IF U CAN
ham,Ok cool. See ya then.
ham,You're gonna have to be way more specific than that
ham,"Princess, i like to make love  &lt;#&gt;  times per night. Hope thats not a problem!"
spam,"YOUR CHANCE TO BE ON A REALITY FANTASY SHOW call now = 08707509020 Just 20p per min NTT Ltd, PO Box 1327 Croydon CR9 5WB 0870 is a national = rate call"
ham,Hi. Happy New Year. I dont mean to intrude but can you pls let me know how much tuition you paid last semester and how much this semester is. Thanks
ham,Nothing will ever be easy. But don't be looking for a reason not to take a risk on life and love
ham,"Nice. Wait...should you be texting right now? I'm not gonna pay your ticket, ya know!"
ham,Pandy joined 4w technologies today.he got job..
ham,"Solve d Case : A Man Was Found Murdered On  &lt;DECIMAL&gt; . &lt;#&gt;  AfterNoon. 1,His wife called Police. 2,Police questioned everyone. 3,Wife: Sir,I was sleeping, when the murder took place. 4.Cook: I was cooking. 5.Gardener: I was picking vegetables. 6.House-Maid: I went 2 d post office. 7.Children: We went 2 play. 8.Neighbour: We went 2 a marriage. Police arrested d murderer Immediately. Who's It? Reply With Reason, If U r Brilliant."
ham,Goodo! Yes we must speak friday - egg-potato ratio for tortilla needed! 
ham,K...k...yesterday i was in cbe .
spam,"Rock yr chik. Get 100's of filthy films &XXX pics on yr phone now. rply FILTH to 69669. Saristar Ltd, E14 9YT 08701752560. 450p per 5 days. Stop2 cancel"
ham,I am going to sleep. I am tired of travel.
ham,Gud mrng dear have a nice day
spam,"Customer service announcement. We recently tried to make a delivery to you but were unable to do so, please call 07099833605 to re-schedule. Ref:9280114"
ham,"She is our sister.. She belongs 2 our family.. She is d hope of tomorrow.. Pray 4 her,who was fated 4 d Shoranur train incident. Lets hold our hands together &amp; fuelled by love &amp; concern prior 2 her grief &amp; pain. Pls join in dis chain &amp; pass it. STOP VIOLENCE AGAINST WOMEN."
ham,"Sorry man, my stash ran dry last night and I can't pick up more until sunday"
ham,"U so lousy, run already come back then half dead... Hee..."
ham,Hi! You just spoke to MANEESHA V. We'd like to know if you were satisfied with the experience. Reply Toll Free with Yes or No.
ham,Yup next stop.
ham,Did you try making another butt.
ham,"You are everywhere dirt, on the floor, the windows, even on my shirt. And sometimes when i open my mouth, you are all that comes flowing out. I dream of my world without you, then half my chores are out too. A time of joy for me, lots of tv shows i.ll see. But i guess like all things you just must exist, like rain, hail and mist, and when my time here is done, you and i become one."
ham,"Yetunde, i'm sorry but moji and i seem too busy to be able to go shopping. Can you just please find some other way to get what you wanted us to get. Please forgive me. You can reply free via yahoo messenger."
ham,All will come alive.better correct any good looking figure there itself..
spam,"Latest News! Police station toilet stolen, cops have nothing to go on!"
ham,Hello darlin ive finished college now so txt me when u finish if u can love Kate xxx
ham,Moji i love you more than words. Have a rich day
spam,You are a winner you have been specially selected to receive £1000 cash or a £2000 award. Speak to a live operator to claim call 087147123779am-7pm. Cost 10p
spam,You will be receiving this week's Triple Echo ringtone shortly. Enjoy it!
spam,A £400 XMAS REWARD IS WAITING FOR YOU! Our computer has randomly picked you from our loyal mobile customers to receive a £400 reward. Just call 09066380611 
ham,"Dear,shall mail tonite.busy in the street,shall update you tonite.things are looking ok.varunnathu edukkukayee raksha ollu.but a good one in real sense."
ham,Hasn't that been the pattern recently crap weekends?
ham,You are a big chic. Common. Declare
ham,"Give her something to drink, if she takes it and doesn't vomit then you her temp might drop. If she unmits however let me know."
spam,"complimentary 4 STAR Ibiza Holiday or £10,000 cash needs your URGENT collection. 09066364349 NOW from Landline not to lose out! Box434SK38WP150PPM18+"
ham,Huh so fast... Dat means u havent finished painting?
ham,Are you free now?can i call now?
ham,"Well, I have to leave for my class babe ... You never came back to me ... :-( ... Hope you have a nice sleep, my love"
ham,Every monday..nxt week vl be completing..
ham,Oh ok..
ham,"Haven't found a way to get another app for your phone, eh ? Will you go to the net cafe ? Did you take that job? Geeee I need you babe. I crave to see you ..."
ham,Company is very good.environment is terrific and food is really nice:)
ham,Hmm...Bad news...Hype park plaza $700 studio taken...Only left 2 bedrm-$900...
spam,"0A$NETWORKS allow companies to bill for SMS, so they are responsible for their ""suppliers"", just as a shop has to give a guarantee on what they sell. B. G."
ham,Yar else i'll thk of all sorts of funny things.
ham,Am okay. Will soon be over. All the best
ham,Yeah I don't see why not
ham,Hey! do u fancy meetin me at 4 at cha  hav a lil beverage on me. if not txt or ring me and we can meet up l8r. quite tired got in at 3 v.pist ;) love Pete x x x
ham,Whats the staff name who is taking class for us?
ham,Wow didn't think it was that common. I take it all back ur not a freak! Unless u chop it off:-)
ham,Ugh hopefully the asus ppl dont randomly do a reformat.
spam,U’ve Bin Awarded £50 to Play 4 Instant Cash. Call 08715203028 To Claim. EVERY 9th Player Wins Min £50-£500. OptOut 08718727870
ham,That's y u haf 2 keep me busy...
ham,I don't know but I'm raping dudes at poker
ham,I cant pick the phone right now. Pls send a message
ham,If i said anything wrong sorry de:-)
ham,"Aight yo, dats straight dogg"
ham,Hey anyway i have to :-)
ham,Ok i found dis pierre cardin one which looks normal costs 20 its on sale.
ham,Long time. You remember me today.
ham,"Hi, wkend ok but journey terrible. Wk not good as have huge back log of marking to do"
ham,"And very importantly, all we discuss is between u and i only."
ham,What's up. Do you want me to come online?
spam,Double your mins & txts on Orange or 1/2 price linerental - Motorola and SonyEricsson with B/Tooth FREE-Nokia FREE Call MobileUpd8 on 08000839402 or2optout/HV9D
ham,Should I be stalking u?
spam,"You are being contacted by our dating service by someone you know! To find out who it is, call from a land line 09050000928. PoBox45W2TG150P"
ham,cThen i thk shd b enuff.. Still got conclusion n contents pg n references.. I'll b doing da contents pg n cover pg..
ham,Ok which your another number
ham,Oh god i am happy to see your message after 3 days
spam,FREE entry into our £250 weekly competition just text the word WIN to 80086 NOW. 18 T&C www.txttowin.co.uk
ham,Yeah if we do have to get a random dude we need to change our info sheets to PARTY  &lt;#&gt; /7 NEVER STUDY just to be safe
ham,There are some nice pubs near here or there is Frankie n Bennys near the warner cinema?
ham,Then she dun believe wat?
ham,"ER, ENJOYIN INDIANS AT THE MO..yeP. SaLL gOoD HehE ;> hows bout u shexy? Pete Xx"
ham,That is wondar full flim.
ham,Dear good morning how you feeling dear
ham,K:)all the best:)congrats...
ham,Good night. Am going to sleep.
ham,Hey... Very inconvenient for your sis a not huh?
ham,You flippin your shit yet?
ham,Omg if its not one thing its another. My cat has worms :/ when does this bad day end?
ham,Yeah right! I'll bring my tape measure fri!
ham,"Cant believe i said so many things to you this morning when all i really wanted to say was good morning, i love you! Have a beautiful morning. See you in the library later."
ham,Hurt me... Tease me... Make me cry... But in the end of my life when i die plz keep one rose on my grave and say STUPID I MISS U.. HAVE A NICE DAY BSLVYL
ham,I think its far more than that but find out. Check google maps for a place from your dorm.
ham,Dont talk to him ever ok its my word.
ham,"There're some people by mu, I'm at the table by lambda"
ham,Nobody can decide where to eat and dad wants Chinese
ham,"As I entered my cabin my PA said, '' Happy B'day Boss !!''. I felt special. She askd me 4 lunch. After lunch she invited me to her apartment. We went there."
ham,Mm yes dear look how i am hugging you both. :-P
ham,Hi my email address has changed now it is 
ham,Will do. Was exhausted on train this morning. Too much wine and pie. You sleep well too
ham,May i call You later Pls
ham,I couldn't say no as he is a dying man and I feel sad for him so I will go and I just wanted you to know I would probably be gone late into your night
spam,"Xmas & New Years Eve tickets are now on sale from the club, during the day from 10am till 8pm, and on Thurs, Fri & Sat night this week. They're selling fast!"
ham,Alright took the morphine. Back in yo.
ham,I am on the way to ur home
ham,Cuz ibored. And don wanna study
ham,I can't make it tonight
ham,I'm sorry. I've joined the league of people that dont keep in touch. You mean a great deal to me. You have been a friend at all times even at great personal cost. Do have a great week.|
ham,I love u 2 babe! R u sure everything is alrite. Is he being an idiot? Txt bak girlie
ham,Lol great now im getting hungry.
ham,No calls..messages..missed calls
ham,Just seeing your missed call my dear brother. Do have a gr8 day.
ham,Pls she needs to dat slowly or she will vomit more.
ham,"Probably not, still going over some stuff here"
ham,K.i will send in  &lt;#&gt;  min:)
ham,Jus came back fr lunch wif my sis only. U leh?
ham,Sorry da thangam.it's my mistake.
ham,C movie is juz last minute decision mah. Juz watch 2 lar but i tot ü not interested.
ham,"Hi. Wk been ok - on hols now! Yes on for a bit of a run. Forgot that i have hairdressers appointment at four so need to get home n shower beforehand. Does that cause prob for u?"""
ham,"Got hella gas money, want to go on a grand nature adventure with galileo in a little bit?"
ham,Ü wait 4 me in sch i finish ard 5..
ham,The new deus ex game comin early next yr
ham,"Actually fuck that, just do whatever, do find an excuse to be in tampa at some point before january though"
ham,"I don't think I can get away for a trek that long with family in town, sorry"
ham,"I'm outside islands, head towards hard rock and you'll run into me"
ham,Imagine Life WITHOUT ME... see.. How fast u are searching me?Don't worry.. l'm always there To disturb U.. Goodnoon..:)
ham,"Aight, can you text me the address?"
ham,"Got fujitsu, ibm, hp, toshiba... Got a lot of model how to say..."
ham,Aww you must be nearly dead!Well Jez isComing over toDo some workAnd that whillTake forever!
ham,Man this bus is so so so slow. I think you're gonna get there before me
ham,Wait  &lt;#&gt;  min..
ham,"Once a fishrman woke early in d mrng. It was very dark. He waited a while &amp; found a sack ful of stones. He strtd throwin thm in2 d sea 2 pass time. Atlast he had jus 1stone, sun rose up &amp; he found out tht those r nt stones, those were diamonds. Moral:""Dont wake up early in d mrng'' GOOD night"
ham,Does uncle timi help in clearing cars
ham,Good day to You too.Pray for me.Remove the teeth as its painful maintaining other stuff.
spam,Join the UK's horniest Dogging service and u can have sex 2nite!. Just sign up and follow the instructions. Txt ENTRY to 69888 now! Nyt.EC2A.3LP.msg@150p
ham,Networking job is there.
ham,We'll join the  &lt;#&gt;  bus
ham,Just forced myself to eat a slice. I'm really not hungry tho. This sucks. Mark is getting worried. He knows I'm sick when I turn down pizza. Lol
ham,No message..no responce..what happend?
ham,"Night has ended for another day, morning has come in a special way. May you smile like the sunny rays and leaves your worries at the blue blue bay. Gud mrng"
ham,Mm have some kanji dont eat anything heavy ok
ham,If he started searching he will get job in few days.he have great potential and talent.
ham,Ok i juz receive..
ham,Lol they don't know about my awesome phone. I could click delete right now if I want.
ham,"Yeah there's barely enough room for the two of us, x has too many fucking shoes. Sorry man, see you later"
ham,U gd lor go shopping i got stuff to do. U wan 2 watch infernal affairs a not? Come lar...
ham,I sent your maga that money yesterday oh.
spam,sports fans - get the latest sports news str* 2 ur mobile 1 wk FREE PLUS a FREE TONE Txt SPORT ON to 8007 www.getzed.co.uk 0870141701216+ norm 4txt/120p 
ham,How are you doing. How's the queen. Are you going for the royal wedding
ham,"Tyler (getting an 8th) has to leave not long after 9, can you get here in like an hour?"
ham,"What are you doing in langport? Sorry, but I'll probably be in bed by 9pm. It sucks being ill at xmas! When do you and go2sri lanka? "
ham,i thought we were doing a king of the hill thing there.
ham,aathi..where are you dear..
ham,Ü still attending da talks?
spam,thesmszone.com lets you send free anonymous and masked messages..im sending this message from there..do you see the potential for abuse???
ham,"I am in tirupur da, once you started from office call me."
ham,It's ok i wun b angry. Msg u aft i come home tonight.
ham,Slaaaaave ! Where are you ? Must I summon you to me all the time now ? Don't you wish to come to me on your own anymore?
ham,"When I was born, GOD said, ""Oh No! Another IDIOT"". When you were born, GOD said, ""OH No! COMPETITION"". Who knew, one day these two will become FREINDS FOREVER!"
spam,PRIVATE! Your 2004 Account Statement for 078498****7 shows 786 unredeemed Bonus Points. To claim call 08719180219 Identifier Code: 45239 Expires 06.05.05
spam,"URGENT!: Your Mobile No. was awarded a £2,000 Bonus Caller Prize on 02/09/03! This is our 2nd attempt to contact YOU! Call 0871-872-9755 BOX95QU"
ham,For me the love should start with attraction.i should feel that I need her every time around me.she should be the first thing which comes in my thoughts.I would start the day and end it with her.she should be there every time I dream.love will be then when my every breath has her name.my life should happen around her.my life will be named to her.I would cry for her.will give all my happiness and take all her sorrows.I will be ready to fight with anyone for her.I will be in love when I will be doing the craziest things for her.love will be when I don't have to proove anyone that my girl is the most beautiful lady on the whole planet.I will always be singing praises for her.love will be when I start up making chicken curry and end up makiing sambar.life will be the most beautiful then.will get every morning and thank god for the day because she is with me.I would like to say a lot..will tell later..
ham,"I'd say that's a good sign but, well, you know my track record at reading women"
ham,"When people see my msgs, They think Iam addicted to msging... They are wrong, Bcoz They don\'t know that Iam addicted to my sweet Friends..!! BSLVYL"
spam,"U've been selected to stay in 1 of 250 top British hotels - FOR NOTHING! Holiday valued at £350! Dial 08712300220 to claim - National Rate Call. Bx526, SW73SS"
ham,"Well the general price is  &lt;#&gt; /oz, let me know if/when/how much you want"
ham,Ok.ok ok..then..whats ur todays plan
spam,Ur cash-balance is currently 500 pounds - to maximize ur cash-in now send GO to 86688 only 150p/msg. CC 08718720201 HG/Suite342/2Lands Row/W1J6HL
ham,"Time n Smile r the two crucial things in our life. Sometimes time makes us to forget smile, and sometimes someone's smile makes us to forget time gud noon"
ham,"Sorry, went to bed early, nightnight"
ham,Send to someone else :-)
ham,Oh oh... Wasted... Den muz chiong on sat n sun liao...
ham,Call me when u finish then i come n pick u.
ham,"Night night, see you tomorrow"
spam,"WIN: We have a winner! Mr. T. Foley won an iPod! More exciting prizes soon, so keep an eye on ur mobile or visit www.win-82050.co.uk"
ham,"Beautiful Truth against Gravity.. Read carefully: ""Our heart feels light when someone is in it.. But it feels very heavy when someone leaves it.."" GOOD NIGHT"
ham,"Abeg, make profit. But its a start. Are you using it to get sponsors for the next event?"
ham,Can't. I feel nauseous. I'm so pissed. I didn't eat any sweets all week cause today I was planning to pig out. I was dieting all week. And now I'm not hungry :/
spam,Dear Voucher holder Have your next meal on us. Use the following link on your pc 2 enjoy a 2 4 1 dining experiencehttp://www.vouch4me.com/etlp/dining.asp
ham,I am not sure about night menu. . . I know only about noon menu
ham,Leaving to qatar tonite in search of an opportunity.all went fast.pls add me in ur prayers dear.Rakhesh
ham,Lol enjoy role playing much?
ham,Only if you promise your getting out as SOON as you can. And you'll text me in the morning to let me know you made it in ok.
ham,Pls give her the food preferably pap very slowly with loads of sugar. You can take up to an hour to give it. And then some water. Very very slowly.
spam,"You have won ?1,000 cash or a ?2,000 prize! To claim, call09050000327"
ham,Same as u... Dun wan... Y u dun like me already ah... Wat u doing now? Still eating?
ham,Y?WHERE U AT DOGBREATH? ITS JUST SOUNDING LIKE JAN C THATS AL!!!!!!!!!
spam,sexy sexy cum and text me im wet and warm and ready for some porn! u up for some fun? THIS MSG IS FREE RECD MSGS 150P INC VAT 2 CANCEL TEXT STOP
ham,Holy living christ what is taking you so long
ham,Wife.how she knew the time of murder exactly
ham,Dont worry. I guess he's busy.
ham,Its too late:)but its k.wish you the same.
ham,Aiyo u so poor thing... Then u dun wan 2 eat? U bathe already?
spam,"FreeMSG You have been awarded a FREE mini DIGITAL CAMERA, just reply SNAP to collect your prize! (quizclub Opt out? Stop 80122300p/wk SP:RWM Ph:08704050406)"
ham,HEY DAS COOL... IKNOW ALL 2 WELLDA PERIL OF STUDENTFINANCIAL CRISIS!SPK 2 U L8R.
ham,I will reach before ten morning
spam,You have won a guaranteed 32000 award or maybe even £1000 cash to claim ur award call free on 0800 ..... (18+). Its a legitimat efreefone number wat do u think???
ham,Will do. Have a good day
ham,"Princess, is your kitty shaved or natural?"
ham,Lol grr my mom is taking forever with my prescription. Pharmacy is like 2 minutes away. Ugh.
ham,hi baby im sat on the bloody bus at the mo and i wont be home until about 7:30 wanna do somethin later? call me later ortxt back jess xx
ham,Dear we got  &lt;#&gt;  dollars hi hi
ham,I want to tell you how bad I feel that basically the only times I text you lately are when I need drugs
ham,happened here while you were adventuring
ham,Today iZ Yellow rose day. If u love my frndship give me 1 misscall &amp; send this to ur frndZ &amp; See how many miss calls u get. If u get 6missed U marry ur Lover.
ham,NOT MUCH NO FIGHTS. IT WAS A GOOD NITE!!
ham,"Just making dinner, you ?"
ham,And by when you're done I mean now
spam,"Thanks for your ringtone order, reference number X49. Your mobile will be charged 4.50. Should your tone not arrive please call customer services 09065989182. From: [colour=red]text[/colour]TXTstar"
ham,I'm at home n ready...
spam,"Final Chance! Claim ur £150 worth of discount vouchers today! Text YES to 85023 now! SavaMob, member offers mobile! T Cs SavaMob POBOX84, M263UZ. £3.00 Subs 16"
ham,Convey my regards to him
ham,Ok Chinese food on its way. When I get fat you're paying for my lipo.
ham,I'm job profile seems like bpo..
ham,Why tired what special there you had
ham,"Hi the way I was with u 2day, is the normal way&this is the real me. UR unique&I hope I know u 4 the rest of mylife. Hope u find wot was lost."
ham,Nite...
ham,Hey now am free you can call me.
spam,"Free-message: Jamster!Get the crazy frog sound now! For poly text MAD1, for real text MAD2 to 88888. 6 crazy sounds for just 3 GBP/week! 16+only! T&C's apply"
spam,"Got what it takes 2 take part in the WRC Rally in Oz? U can with Lucozade Energy! Text RALLY LE to 61200 (25p), see packs or lucozade.co.uk/wrc & itcould be u!"
ham,Ya very nice. . .be ready on thursday
ham,Wat makes some people dearer is not just de happiness dat u feel when u meet them but de pain u feel when u miss dem!!!
ham,"no, i *didn't* mean to post it. I wrote it, and like so many other times i've ritten stuff to you, i let it sit there. it WAS what i was feeling at the time. I was angry. Before i left, i hit send, then stop. It wasn't there. I checked on my phone when i got to my car. It wasn't there. You said you didn't sleep, you were bored. So why wouldn't THAT be the time to clean, fold laundry, etc.? At least make the bed?"
ham,Havent still waitin as usual... Ü come back sch oredi?
ham,Wat uniform? In where get?
ham,"Remember all those whom i hurt during days of satanic imposter in me.need to pay a price,so be it.may destiny keep me going and as u said pray that i get the mind to get over the same."
ham,This is my number by vivek..
spam,You have an important customer service announcement from PREMIER. Call FREEPHONE 0800 542 0578 now!
ham,So there's a ring that comes with the guys costumes. It's there so they can gift their future yowifes. Hint hint
ham,"Well, I was about to give up cos they all said no they didn‘t do one nighters. I persevered and found one but it is very cheap so i apologise in advance. It is just somewhere to sleep isnt it?"
ham,"The LAY MAN! Just to let you know you are missed and thought off. Do have a great day. And if you can send me bimbo and ugo's numbers, ill appreciate. Safe"
ham,I'm home.
ham,Any pain on urination any thing else?
ham,&lt;#&gt;  am I think? Should say on syllabus
ham,"After my work ah... Den 6 plus lor... U workin oso rite... Den go orchard lor, no other place to go liao..."
ham,O was not into fps then.
spam,Someonone you know is trying to contact you via our dating service! To find out who it could be call from your mobile or landline 09064015307 BOX334SK38ch 
ham,No go. No openings for that room 'til after thanksgiving without an upcharge.
ham,Is ur paper today in e morn or aft?
ham,Ok... Help me ask if she's working tmr a not?
spam,Santa calling! Would your little ones like a call from Santa Xmas Eve? Call 09077818151 to book you time. Calls1.50ppm last 3mins 30s T&C www.santacalling.com
ham,If you ask her or she say any please message.
ham,HAPPY NEW YEAR MY NO.1 MAN
ham,"OH YEAH,AND HAV A GREAT TIME IN NEWQUAY-SEND ME A POSTCARD !1 LOOK AFTER ALL THE GIRLS WHILE IM GONE(U KNOW THE 1IM TALKIN BOUT!)xx"
ham,Oh great. I.ll disturb him more so that we can talk.
spam,XCLUSIVE@CLUBSAISAI 2MOROW 28/5 SOIREE SPECIALE ZOUK WITH NICHOLS FROM PARIS.FREE ROSES 2 ALL LADIES !!! info: 07946746291/07880867867 
ham,Mum say we wan to go then go... Then she can shun bian watch da glass exhibition... 
ham,K I'll be there before 4.
ham,"U wake up already? Wat u doing? U picking us up later rite? I'm taking sq825, reaching ard 7 smth 8 like dat. U can check e arrival time. C ya soon..."
spam,FROM 88066 LOST £12 HELP
ham,Should I head straight there or what
spam,"Hello from Orange. For 1 month's free access to games, news and sport, plus 10 free texts and 20 photo messages, reply YES. Terms apply: www.orange.co.uk/ow"
ham,"Right on brah, see you later"
ham,Yes! How is a pretty lady like you single?
ham,Ya very nice. . .be ready on thursday
ham,Surely result will offer:)
ham,I just made some payments so dont have that much. Sorry. Would you want it fedex or the other way.
ham,Meet after lunch la...
ham,I was gonna ask you lol but i think its at 7
ham,I only work from mon to thurs but Sat i cant leh... Booked liao... Which other day u free?
ham,Dude while were makin those weirdy brownies my sister made awesome cookies. I took pics.
ham,No. To be nosy I guess. Idk am I over reacting if I'm freaked?
ham,LOL that would be awesome payback.
ham,"We know TAJ MAHAL as symbol of love. But the other lesser known facts 1. Mumtaz was Shahjahan's 4th wife, out of his 7 wifes. 2. Shahjahan killed Mumtaz's husband to marry her. 3. Mumtaz died in her  &lt;#&gt; th delivery. 4. He then married Mumtaz's sister. Question arises where the Hell is the LOVE?:-| -The Great Hari-"
ham,"Well, i'm glad you didn't find it totally disagreeable ... Lol"
ham,True lov n care wil nevr go unrecognized. though somone often makes mistakes when valuing it. but they will definitly undrstnd once when they start missing it.
ham,"Hi hope u get this txt~journey hasnt been gd,now about 50 mins late I think."
ham,"Solve d Case : A Man Was Found Murdered On  &lt;DECIMAL&gt; . &lt;#&gt;  AfterNoon. 1,His wife called Police. 2,Police questioned everyone. 3,Wife: Sir,I was sleeping, when the murder took place. 4.Cook: I was cooking. 5.Gardener: I was picking vegetables. 6.House-Maid: I went 2 d post office. 7.Children: We went 2 play. 8.Neighbour: We went 2 a marriage. Police arrested d murderer Immediately. Who's It? Reply With Reason, If U r Brilliant."
ham,I AM AT A PARTY WITH ALEX NICHOLS
spam,U are subscribed to the best Mobile Content Service in the UK for £3 per 10 days until you send STOP to 82324. Helpline 08706091795
ham,"Are you being good, baby? :)"
ham,"Please protect yourself from e-threats. SIB never asks for sensitive information like Passwords,ATM/SMS PIN thru email. Never share your password with anybody."
ham,Aah bless! How's your arm?
ham,Yes i thought so. Thanks.
ham,Oh ok.. Wat's ur email?
ham,And he's apparently bffs with carly quick now
ham,"wiskey Brandy Rum Gin Beer Vodka Scotch Shampain Wine ""KUDI""yarasu dhina vaazhthukkal. .."
spam,December only! Had your mobile 11mths+? You are entitled to update to the latest colour camera mobile for Free! Call The Mobile Update Co FREE on 08002986906
ham,Also track down any lighters you can find
ham,Ummma.will call after check in.our life will begin from qatar so pls pray very hard.
ham,Gettin rdy to ship comp
ham,I cant keep talking to people if am not sure i can pay them if they agree to price. So pls tell me what you want to really buy and how much you are willing to pay
ham,645
ham,No..few hours before.went to hair cut .
ham,Dunno he jus say go lido. Same time 930.
